key,name
1,"Custom Picture"
101,"Double Espresso"
201,"Coffee"
202,"Coffee"
203,"Coffee"
211,"extra shot"
212,"extra shot"
301,"Cappuccino"
302,"Cappuccino"
303,"Cappuccino"
351,"Iced Cappuccino"
352,"Iced Cappuccino"
401,"Flat White"
402,"Flat White"
403,"Flat White"
451,"Iced Flat White"
452,"Iced Flat White"
501,"Chai Latte"
502,"Chai Latte"
503,"Chai Latte"
551,"Iced Chai Latte"
552,"Iced Chai Latte"
601,"Latte"
602,"Latte"
603,"Latte"
651,"Iced Cafe Latte"
652,"Iced Cafe Latte"
701,"Caffé Mocha"
702,"Caffé Mocha"
703,"Caffé Mocha"
751,"Iced Caffè Mocha"
752,"Iced Caffè Mocha"
801,"Hot Chocolate Milk"
802,"Hot Chocolate Milk"
803,"Hot Chocolate Milk"
851,"Iced Chocolate Milk"
852,"Iced Chocolate Milk"
901,"Americano"
902,"Americano"
903,"Americano"
1001,"Caramel Macchiato"
1002,"Caramel Macchiato"
1003,"Caramel Macchiato"
1051,"Iced Caramel Macchiato"
1052,"Iced Caramel Macchiato"
1101,"Caramel Mocha"
1102,"Caramel Mocha"
1103,"Caramel Mocha"
1151,"Iced Caramel Mocha"
1152,"Iced Caramel Mocha"
1201,"Vanilla Chai"
1202,"Vanilla Chai"
1203,"Vanilla Chai"
1251,"Iced Vanilla Chai"
1252,"Iced Vanilla Chai"
1301,"Coconut Dream"
1302,"Coconut Dream"
1303,"Coconut Dream"
1351,"Iced Coconut Dream"
1352,"Iced Coconut Dream"
1401,"Smores Latte"
1402,"Smores Latte"
1403,"Smores Latte"
1451,"Iced Smores Latte"
1452,"Iced Smores Latte"
1501,"Pumpkin Spice Latte"
1502,"Pumpkin Spice Latte"
1503,"Pumpkin Spice Latte"
1551,"Iced Pumpkin Spice Latte"
1552,"Iced Pumpkin Spice Latte"
1601,"Peppermint Mocha"
1602,"Peppermint Mocha"
1603,"Peppermint Mocha"
1651,"Iced Peppermint Mocha"
1652,"Iced Peppermint Mocha"
2008,"Caramel Mocha"
2009,"Caramel Mocha"
2010,"black"
2011,"Milk"
2012,"Milk"
2013,"Milk"
2111,"Soy milk"
2112,"Soy milk"
2113,"Soy milk"
2131,"Oat milk"
2132,"Oat milk"
2133,"Oat milk"
2300,"Caramel"
2301,"Caramel"
2302,"Caramel"
2310,"Vanille"
2311,"Vanilla"
2312,"Vanilla"
2320,"Chai"
2321,"Chai"
2322,"Chai"
2330,"Season special"
2331,"Season special"
2332,"Season special"
